{
    "metrics": {
        "data_received": {
            "count": 40932,
            "rate": 1777.4374868044852
        },
        "data_sent": {
            "count": 13932,
            "rate": 604.985318727648
        },
        "http_req_blocked": {
            "avg": 1.1765185185185185,
            "max": 2.639,
            "med": 0.605,
            "min": 0.258,
            "p(90)": 2.6011,
            "p(95)": 2.6262499999999998
        },
        "http_req_connecting": {
            "avg": 0.47287037037037044,
            "max": 1.207,
            "med": 0.471,
            "min": 0.193,
            "p(90)": 0.7896000000000003,
            "p(95)": 1.0206999999999997
        },
        "http_req_duration": {
            "avg": 6788.549499999997,
            "max": 8620.31,
            "med": 8075.746,
            "min": 395.647,
            "p(90)": 8330.2332,
            "p(95)": 8373.157,
            "thresholds": {
                "p(99)<500": true
            }
        },
        "http_req_receiving": {
            "avg": 0.08677777777777781,
            "max": 0.166,
            "med": 0.0815,
            "min": 0.067,
            "p(90)": 0.10620000000000002,
            "p(95)": 0.11744999999999996
        },
        "http_req_sending": {
            "avg": 0.10198148148148149,
            "max": 0.374,
            "med": 0.0765,
            "min": 0.029,
            "p(90)": 0.2048,
            "p(95)": 0.2606999999999999
        },
        "http_req_tls_handshaking": {
            "avg": 0,
            "max": 0,
            "med": 0,
            "min": 0,
            "p(90)": 0,
            "p(95)": 0
        },
        "http_req_waiting": {
            "avg": 6788.360740740741,
            "max": 8620.197,
            "med": 8075.478499999999,
            "min": 395.407,
            "p(90)": 8330.0008,
            "p(95)": 8372.99265
        },
        "http_reqs": {
            "count": 54,
            "rate": 2.3449043361536743
        },
        "iteration_duration": {
            "avg": 7091.35650587037,
            "max": 8925.821563,
            "med": 8378.8532615,
            "min": 699.921531,
            "p(90)": 8630.7977708,
            "p(95)": 8673.93319315
        },
        "iterations": {
            "count": 54,
            "rate": 2.3449043361536743
        },
        "vus": {
            "max": 20,
            "min": 1,
            "value": 1
        },
        "vus_max": {
            "max": 20,
            "min": 20,
            "value": 20
        }
    },
    "root_group": {
        "name": "",
        "path": "",
        "id": "d41d8cd98f00b204e9800998ecf8427e",
        "groups": {},
        "checks": {}
    }
}
