{
    "metrics": {
        "data_received": {
            "count": 51544,
            "rate": 2643.9106240847827
        },
        "data_sent": {
            "count": 17544,
            "rate": 899.9062546357176
        },
        "http_req_blocked": {
            "avg": 0.902,
            "max": 1.981,
            "med": 0.881,
            "min": 0.397,
            "p(90)": 1.196,
            "p(95)": 1.32515
        },
        "http_req_connecting": {
            "avg": 0.6123529411764705,
            "max": 1.813,
            "med": 0.5894999999999999,
            "min": 0.259,
            "p(90)": 0.787,
            "p(95)": 0.98615
        },
        "http_req_duration": {
            "avg": 4885.5455,
            "max": 6883.679,
            "med": 4501.1685,
            "min": 2228.359,
            "p(90)": 6419.6365,
            "p(95)": 6662.65385,
            "thresholds": {
                "p(99)<500": true
            }
        },
        "http_req_receiving": {
            "avg": 0.2632941176470588,
            "max": 3.612,
            "med": 0.1855,
            "min": 0.091,
            "p(90)": 0.35390000000000027,
            "p(95)": 0.4342
        },
        "http_req_sending": {
            "avg": 0.14157352941176468,
            "max": 0.38,
            "med": 0.1395,
            "min": 0.024,
            "p(90)": 0.2163,
            "p(95)": 0.23514999999999997
        },
        "http_req_tls_handshaking": {
            "avg": 0,
            "max": 0,
            "med": 0,
            "min": 0,
            "p(90)": 0,
            "p(95)": 0
        },
        "http_req_waiting": {
            "avg": 4885.140632352941,
            "max": 6883.481,
            "med": 4500.8645,
            "min": 2227.888,
            "p(90)": 6417.629,
            "p(95)": 6662.18535
        },
        "http_reqs": {
            "count": 68,
            "rate": 3.48800873889813
        },
        "iteration_duration": {
            "avg": 5187.784476147061,
            "max": 7185.956129,
            "med": 4803.634338,
            "min": 2531.747273,
            "p(90)": 6721.0201502,
            "p(95)": 6965.113704699999
        },
        "iterations": {
            "count": 68,
            "rate": 3.48800873889813
        },
        "vus": {
            "max": 20,
            "min": 4,
            "value": 4
        },
        "vus_max": {
            "max": 20,
            "min": 20,
            "value": 20
        }
    },
    "root_group": {
        "name": "",
        "path": "",
        "id": "d41d8cd98f00b204e9800998ecf8427e",
        "groups": {},
        "checks": {}
    }
}
