{
    "metrics": {
        "data_received": {
            "count": 50028,
            "rate": 2375.532978991386
        },
        "data_sent": {
            "count": 17028,
            "rate": 808.5587184429784
        },
        "http_req_blocked": {
            "avg": 0.628318181818182,
            "max": 1.637,
            "med": 0.596,
            "min": 0.283,
            "p(90)": 0.8665,
            "p(95)": 1.20725
        },
        "http_req_connecting": {
            "avg": 0.47486363636363643,
            "max": 1.251,
            "med": 0.457,
            "min": 0.21,
            "p(90)": 0.687,
            "p(95)": 0.86625
        },
        "http_req_duration": {
            "avg": 5192.4548636363625,
            "max": 6278.143,
            "med": 5911.344499999999,
            "min": 651.135,
            "p(90)": 6032.458,
            "p(95)": 6067.8035,
            "thresholds": {
                "p(99)<500": true
            }
        },
        "http_req_receiving": {
            "avg": 0.11693939393939395,
            "max": 0.29,
            "med": 0.0925,
            "min": 0.061,
            "p(90)": 0.191,
            "p(95)": 0.222
        },
        "http_req_sending": {
            "avg": 0.09954545454545455,
            "max": 0.334,
            "med": 0.082,
            "min": 0.037,
            "p(90)": 0.17099999999999999,
            "p(95)": 0.216
        },
        "http_req_tls_handshaking": {
            "avg": 0,
            "max": 0,
            "med": 0,
            "min": 0,
            "p(90)": 0,
            "p(95)": 0
        },
        "http_req_waiting": {
            "avg": 5192.23837878788,
            "max": 6277.819,
            "med": 5911.067,
            "min": 650.798,
            "p(90)": 6032.253500000001,
            "p(95)": 6067.63675
        },
        "http_reqs": {
            "count": 66,
            "rate": 3.133948521096815
        },
        "iteration_duration": {
            "avg": 5494.190538848484,
            "max": 6579.56153,
            "med": 6213.3924005,
            "min": 952.183755,
            "p(90)": 6334.302084999999,
            "p(95)": 6369.41221375
        },
        "iterations": {
            "count": 66,
            "rate": 3.133948521096815
        },
        "vus": {
            "max": 20,
            "min": 2,
            "value": 2
        },
        "vus_max": {
            "max": 20,
            "min": 20,
            "value": 20
        }
    },
    "root_group": {
        "name": "",
        "path": "",
        "id": "d41d8cd98f00b204e9800998ecf8427e",
        "groups": {},
        "checks": {}
    }
}
