{
    "metrics": {
        "data_received": {
            "count": 51544,
            "rate": 2540.669116146937
        },
        "data_sent": {
            "count": 17544,
            "rate": 864.7660052320708
        },
        "http_req_blocked": {
            "avg": 0.964544117647059,
            "max": 1.944,
            "med": 0.9984999999999999,
            "min": 0.428,
            "p(90)": 1.3901,
            "p(95)": 1.4227
        },
        "http_req_connecting": {
            "avg": 0.6097941176470589,
            "max": 1.351,
            "med": 0.575,
            "min": 0.312,
            "p(90)": 0.9191000000000003,
            "p(95)": 1.0041
        },
        "http_req_duration": {
            "avg": 4974.584044117646,
            "max": 6185.806,
            "med": 5484.044,
            "min": 1427.017,
            "p(90)": 5572.696,
            "p(95)": 5880.4520999999995,
            "thresholds": {
                "p(99)<500": true
            }
        },
        "http_req_receiving": {
            "avg": 0.22861764705882356,
            "max": 0.818,
            "med": 0.20350000000000001,
            "min": 0.085,
            "p(90)": 0.3533,
            "p(95)": 0.36319999999999997
        },
        "http_req_sending": {
            "avg": 0.1426911764705882,
            "max": 0.331,
            "med": 0.132,
            "min": 0.038,
            "p(90)": 0.2436,
            "p(95)": 0.2698
        },
        "http_req_tls_handshaking": {
            "avg": 0,
            "max": 0,
            "med": 0,
            "min": 0,
            "p(90)": 0,
            "p(95)": 0
        },
        "http_req_waiting": {
            "avg": 4974.212735294117,
            "max": 6185.638,
            "med": 5483.66,
            "min": 1426.615,
            "p(90)": 5572.3729,
            "p(95)": 5880.0960000000005
        },
        "http_reqs": {
            "count": 68,
            "rate": 3.351806221829732
        },
        "iteration_duration": {
            "avg": 5276.987840397057,
            "max": 6488.811599,
            "med": 5786.402881,
            "min": 1730.187828,
            "p(90)": 5875.203457,
            "p(95)": 6184.6337854
        },
        "iterations": {
            "count": 68,
            "rate": 3.351806221829732
        },
        "vus": {
            "max": 20,
            "min": 3,
            "value": 3
        },
        "vus_max": {
            "max": 20,
            "min": 20,
            "value": 20
        }
    },
    "root_group": {
        "name": "",
        "path": "",
        "id": "d41d8cd98f00b204e9800998ecf8427e",
        "groups": {},
        "checks": {}
    }
}
